uid,ran,firstname,lastname,num
200001,085376383582113,Sloane,Carter,647
200002,214811231748714,Thomas,Roberts,877
200003,282157102177109,Bert,Carter,307
200004,4814522813721110,Oscar,Nelson,654
200005,6715442441161227,John,Williams,336
200006,133288484513722,Francis,Rodriguez,102
200007,188731554023821,Sam,Lewis,166
200008,125887134086323,Herbert,Rodriguez,852
200009,436851188510922,Michael,Flores,350
200010,6633557108511212,Bert,Anderson,058
200011,802165243361621,Joseph,Robinson,453
200012,77004425175731,Sam,Campbell,805
200013,237054400680127,Richard,Carter,734
200014,6518053762601211,Charlie,Ramirez,183
200015,745051403558422,Riya,Thompson,803
200016,421307725520520,Edward,Hall,187
200017,378311441457115,Andrew,Young,103
200018,16703574651412,Carleigh,Hall,607
200019,81565870406195,Howard,Campbell,874
200020,3864855054251016,Robert,Flores,388
200021,202006432328105,Benjamin,Moore,488
200022,723327848466718,Peter,Lee,822
200023,702042505834418,Kenley,Adams,466
200024,037507150261512,Michael,Martinez,645
200025,013320716277210,Sloane,Sanchez,088
200026,676015058074614,Frank,Hernandez,086
200027,055161018517716,Daniel,Thompson,424
200028,383087258156221,Sam,Davis,116
200029,06238640006486,Clarence,Lopez,457
200030,807536007332718,Carleigh,Flores,124
200031,771717168402519,Jesse,Hill,546
200032,572103550176610,Diya,Flores,508
200033,56567553327169,Elmer,Nelson,581
200034,835233877065126,Charles,White,738
200035,47085228115278,Peter,Adams,117
200036,725082232075616,Tom,Carter,828
200037,23520721265347,Jesse,Rodriguez,405
200038,018423113600121,Sloane,Hill,087
200039,562450337438414,Elmer,Flores,535
200040,7038021856361017,Peter,Hill,784
200041,146082462522323,Albert,Harris,401
200042,57485386620133,Jesse,Flores,463
200043,261201678277815,Joseph,Perez,117
200044,401370563644118,Clarence,Allen,652
200045,803856032608113,Robert,Ramirez,386
200046,257176005532518,Elmer,Flores,074
200047,552271837531519,Howard,Robinson,680
200048,524448086008627,Henry,Roberts,172
200049,8505043175111117,David,Hill,678
200050,810565015613410,Charles,Wright,076
200051,522267458374710,Bert,Young,017
200052,31615177436575,Henry,Robinson,037
200053,258832453717215,Martin,Brown,533
200054,548022331124618,Tom,Campbell,477
200055,03050514833287,Peter,Clark,482
200056,72217571650315,Henry,White,058
200057,54244610013596,Diya,Ramirez,863
200058,03607325115596,Bert,Carter,116
200059,62236375710553,David,Clark,318
200060,040066282253112,Tom,Mitchell,555
200061,62526610574298,Clarence,Miller,837
200062,66866631788253,Jacob,Roberts,524
200063,178777104727410,Sam,White,123
200064,1424605848211023,Jim,White,747
200065,213548722131210,Howard,Scott,587
200066,740606836213128,Arthur,Ramirez,404
200067,173117174013111,Riya,Allen,663
200068,074368256373112,Oscar,Lewis,060
200069,835155048505523,Michael,Hill,548
200070,841880280514119,Carl,Hill,745
200071,173086767807515,Howard,Hernandez,527
200072,115630612230915,Carleigh,Roberts,837
200073,702763554257227,Howard,Jackson,040
200074,221816252184112,Richard,Ramirez,316
200075,76418041450415,Andrew,Gonzalez,213
200076,866373608300717,Daniel,Carter,412
200077,230568854735522,Carl,Martinez,457
200078,1613758446001110,Benjamin,Rivera,247
200079,20256800277619,Walter,White,736
200080,45645674473632,Willie,Garcia,174
200081,42134443341635,William,Lee,371
200082,406864260756820,Riya,Thompson,575
200083,628204708517320,Arthur,Roberts,308
200084,238838304412128,Frank,Carter,380
200085,187106238741820,Albert,Moore,484
200086,6316721573081222,Richard,Wilson,316
200087,863515132661626,Bert,Lopez,586
200088,082241080401513,Bert,Allen,432
200089,3532681763031124,Oscar,White,115
200090,518720085164614,William,Hall,303
200091,7710364838161224,George,Green,077
200092,717513507466325,Tom,Ramirez,022
200093,754721475214711,Richard,Williams,503
200094,31360773431485,Martin,Lopez,004
200095,65478710126032,Joe,Harris,517
200096,125765367481114,Francis,Walker,818
200097,6213722757751113,Kenley,Clark,768
200098,485076234151922,Benjamin,Davis,163
200099,2163306450581119,Jim,Robinson,780
200100,254077203177828,James,Green,185
200101,662143255800920,John,Hall,604
200102,81806034675664,Roy,Gonzalez,305
200103,2278243838681126,Jacob,White,536
200104,475607885877124,John,Scott,852
200105,5723564024011216,Iyana,Davis,433
200106,146647558324726,Tom,Jones,374
200107,28776823561056,Riya,Johnson,232
200108,170136210322919,Arthur,Johnson,152
200109,058260523712521,Kenley,Robinson,532
200110,781772870305928,Joseph,Sanchez,676
200111,04711157203476,Michael,Carter,833
200112,43846848163168,Louis,Green,855
200113,78876861773241,Herbert,Martin,586
200114,00643483057328,Carl,Roberts,336
200115,31017334472192,John,Young,512
200116,8718018886161123,Walter,Hall,500
200117,6586828885071121,Harry,Garcia,822
200118,74057540066614,Carl,Campbell,850
200119,67757261040539,John,Thompson,821
200120,05034188415659,Ernest,Sanchez,317
200121,124826582113223,Kenley,Carter,701
200122,0473323532281116,James,Lee,412
200123,565640012672427,Tom,Hall,651
200124,282620736720622,Robert,Carter,803
200125,750273584327424,Lee,Thompson,533
200126,700158328527113,Charles,Taylor,560
200127,121147336247724,Joseph,Ramirez,166
200128,705237424051911,Benjamin,Johnson,118
200129,612678873580724,Bert,Flores,064
200130,868175235357616,James,Taylor,725
200131,042800758233414,George,Young,655
200132,36328114333046,Jacob,Lee,474
200133,5544572700871119,Benjamin,Taylor,667
200134,7070034172851122,Ernest,Mitchell,261
200135,211718581001127,David,Miller,714
200136,8345678211051026,Arthur,Green,325
200137,675114162350128,William,Garcia,654
200138,183741078248715,Elmer,Thomas,332
200139,037777601568423,Jacob,Carter,207
200140,68331236015496,Elmer,Perez,058
200141,833836466276916,Benjamin,Hill,021
200142,503686480253627,Carl,Lopez,716
200143,4310306777021223,Joe,Davis,481
200144,717173352103124,Tom,Carter,304
200145,15640727031571,Thomas,Hill,727
200146,300588503381816,James,Nguyen,131
200147,160124856736118,James,Davis,828
200148,724434715231919,Andrew,Thompson,772
200149,8602177202011014,Daniel,Ramirez,732
200150,7881120552141120,Peter,Davis,463
200151,534251517350814,Martin,Torres,865
200152,76332402875066,Carleigh,Lee,318
200153,67647821585769,Jesse,Adams,147
200154,015811805581413,Tom,Martinez,527
200155,1358467314871126,Riya,Adams,662
200156,824843336227116,Roy,Martin,305
200157,63870221678247,Walter,Thomas,374
200158,0167752132611214,Peter,Wright,657
200159,4443088185061226,Peter,King,340
200160,020584061116321,Kenley,Miller,444
200161,6851484275381022,Howard,Nguyen,614
200162,67612730363464,Riya,Rivera,037
200163,212084517865818,George,Davis,643
200164,063142802542313,Clarence,Perez,557
200165,2010534502541224,Bert,Williams,872
200166,78247804537224,Sam,Nelson,887
200167,05004876152271,Carleigh,Campbell,828
200168,575164248521626,Charlie,Lewis,888
200169,21684414531528,Iyana,Brown,787
200170,372142852502719,Jesse,Baker,163
200171,8447763046461128,Ernest,Mitchell,324
200172,480700003704620,Sloane,Rodriguez,380
200173,025881083700512,Willie,Lee,175
200174,15070615318453,Daniel,Taylor,136
200175,50453442705626,Ernest,Moore,780
200176,77202510535013,Henry,Nguyen,527
200177,122838717684817,George,Scott,013
200178,8744008038501218,Albert,Martin,653
200179,25568521018431,Carleigh,Gonzalez,630
200180,27272448611578,Robert,Carter,328
200181,852708855308312,Bert,Sanchez,185
200182,73542384335424,Joe,Taylor,275
200183,651085108744211,Sam,Davis,743
200184,753061131407412,Joseph,Williams,683
200185,161275046033127,Michael,Campbell,028
200186,2566443575131124,Willie,Robinson,208
200187,072831151061623,Robert,Davis,308
200188,757034376158623,Michael,Anderson,328
200189,756217856282421,Charles,Robinson,573
200190,467320617740920,Louis,Scott,800
200191,156434058505212,Bert,Martin,418
200192,8132450503161118,Iyana,Ramirez,248
200193,16536220668583,Harry,Thompson,734
200194,5114734705771210,Joseph,Adams,051
200195,423048015053327,Louis,Lopez,251
200196,64648052274094,Walter,Anderson,645
200197,651416564240328,Elmer,Flores,032
200198,550450015024811,Riya,Hernandez,835
200199,5532828380741013,George,Perez,273
200200,6085262871441018,Benjamin,Jackson,707
200201,7420556527851120,Jacob,Carter,202
200202,1558471042821017,Walter,Nelson,442
200203,762340374462924,Jim,Harris,167
200204,62333455800357,Joe,Martinez,857
200205,846405867411121,Martin,King,781
200206,708233758183712,Willie,Walker,170
200207,161800750842516,Harry,Robinson,682
200208,68570022301683,James,Williams,775
200209,2108767480451217,Edward,Campbell,133
200210,122066176461114,Joseph,Flores,613
200211,1877741548371011,Elmer,Rivera,608
200212,027215823064516,Walter,Carter,038
200213,3682251587771223,Iyana,Thomas,015
200214,804133511254521,Albert,Hill,468
200215,673484788850521,Bert,Brown,126
200216,732024344580410,Harry,Lee,670
200217,724777805071524,Iyana,Ramirez,768
200218,17185350585425,Sam,Roberts,207
200219,78573715337624,Sloane,Rivera,722
200220,8680862861681022,Joe,Jones,535
200221,178180324324106,Ernest,King,031
200222,113334406512101,Sloane,Scott,540
200223,2743484341811113,George,Nelson,606
200224,75652016567677,Edward,Nelson,132
200225,771262603467720,James,Green,457
200226,12403332874537,Albert,Williams,125
200227,074214414186112,Arthur,Rodriguez,178
200228,63024243236448,Walter,Walker,146
200229,65333876102542,Howard,Wilson,703
200230,126032307215218,Joseph,Wilson,213
200231,64747170052529,Robert,Baker,270
200232,8483506731751028,Diya,Moore,106
200233,70172150064329,James,Scott,556
200234,823118360065125,Joe,Clark,278
200235,22584183745757,Sam,Brown,126
200236,323618243025419,Carleigh,Hall,850
200237,02164630820859,Diya,Clark,576
200238,318208101284319,Louis,Roberts,720
200239,4118255800241216,Tom,Miller,870
200240,288766016142103,Iyana,Garcia,518
200241,387730113022322,Herbert,Harris,570
200242,26162860872777,Thomas,Carter,262
200243,33751444755264,Joe,Hall,816
200244,580723662860111,Frank,Rodriguez,056
200245,387571406052624,Jacob,Green,407
200246,674508717174722,Thomas,Green,712
200247,152620147043123,Lee,Miller,361
200248,86857083675021,Tom,Miller,122
200249,2718306617811115,Sloane,Ramirez,442
200250,740005004722826,Michael,Miller,738
